Date,Open,High,Low,Last,Change,Settle,Volume,Previous Day Open Interest
2017-01-03,150.21875,150.875,149.0625,150.625,0.09375,150.5625,306369.0,601847.0
2017-01-04,150.625,151.0625,150.0625,150.875,0.125,150.6875,198678.0,604566.0
2017-01-05,150.90625,153.0,150.4375,152.875,1.8125,152.5,327493.0,601524.0
2017-01-06,152.875,153.28125,151.59375,151.71875,0.71875,151.78125,263629.0,614490.0
2017-01-09,151.71875,152.90625,151.53125,152.84375,0.9375,152.71875,167099.0,619608.0
2017-01-10,152.8125,152.96875,152.21875,152.625,0.1875,152.53125,172420.0,620862.0
2017-01-11,152.65625,153.53125,152.3125,152.78125,0.28125,152.8125,279676.0,621671.0
2017-01-12,152.8125,153.96875,152.5625,152.59375,0.21875,152.59375,294848.0,618103.0
2017-01-13,152.59375,153.625,151.34375,152.0,0.3125,152.28125,280753.0,615662.0
2017-01-17,152.0625,153.875,151.96875,153.28125,1.03125,153.3125,293175.0,616589.0
2017-01-18,153.28125,153.3125,151.40625,151.4375,1.28125,152.03125,223393.0,615219.0
2017-01-19,151.375,151.84375,150.28125,150.75,0.96875,151.0625,310818.0,618563.0
2017-01-20,150.78125,151.15625,149.9375,150.65625,0.28125,150.78125,261546.0,627417.0
2017-01-23,150.78125,152.46875,150.5625,152.0625,1.21875,152.0,266652.0,619942.0
2017-01-24,152.0625,152.25,150.5,150.75,1.40625,150.59375,201832.0,616992.0
2017-01-25,150.84375,151.0625,149.25,149.625,1.125,149.46875,246039.0,613519.0
2017-01-26,149.6875,149.9375,148.9375,149.90625,0.3125,149.78125,192428.0,615850.0
2017-01-27,149.90625,150.4375,149.5,150.4375,0.59375,150.375,189238.0,615872.0
2017-01-30,150.46875,150.625,149.875,150.125,0.125,150.25,234427.0,611313.0
2017-01-31,150.15625,151.1875,149.75,150.65625,0.59375,150.84375,328036.0,614032.0
2017-02-01,150.6875,150.71875,149.71875,150.5625,0.40625,150.4375,269776.0,612420.0
2017-02-02,150.53125,151.46875,150.34375,150.46875,0.125,150.5625,264480.0,614036.0
2017-02-03,150.5,151.28125,149.84375,150.46875,0.53125,150.03125,310725.0,608886.0
2017-02-06,150.40625,151.6875,150.3125,151.59375,1.5,151.53125,246926.0,616563.0
2017-02-07,151.53125,152.53125,150.8125,152.15625,0.65625,152.1875,262198.0,614157.0
2017-02-08,152.15625,153.65625,152.0625,153.46875,1.09375,153.28125,322460.0,618773.0
2017-02-09,153.5,153.53125,151.96875,152.21875,1.09375,152.1875,295230.0,622929.0
2017-02-10,152.28125,152.375,151.25,152.0,0.28125,151.90625,276466.0,629826.0
2017-02-13,151.84375,151.875,151.0,151.3125,0.53125,151.375,153399.0,628054.0
2017-02-14,151.3125,151.53125,149.90625,150.71875,0.75,150.625,270600.0,628110.0
2017-02-15,150.75,150.78125,149.5,150.15625,0.6875,149.9375,270893.0,624904.0
2017-02-16,150.09375,151.1875,149.96875,150.84375,0.875,150.8125,267569.0,629206.0
2017-02-17,150.78125,151.96875,150.5625,151.53125,0.4375,151.25,183471.0,616055.0
2017-02-21,151.4375,151.71875,150.59375,151.21875,0.0625,151.3125,288249.0,609874.0
2017-02-22,151.21875,152.1875,150.75,151.40625,0.0625,151.375,505135.0,582748.0
2017-02-23,151.40625,152.0625,151.25,152.03125,0.4375,151.8125,474384.0,489192.0
2017-02-24,152.03125,153.375,151.875,153.28125,1.40625,153.21875,490768.0,329769.0
2017-02-27,153.28125,153.28125,152.53125,152.71875,0.59375,152.625,322479.0,155295.0
2017-02-28,152.71875,153.34375,152.25,152.28125,0.3125,152.9375,74649.0,51967.0
2017-03-01,152.28125,152.34375,150.5,150.84375,2.25,150.6875,27948.0,20808.0
2017-03-02,150.9375,150.9375,150.0,150.5,0.34375,150.34375,8517.0,15457.0
2017-03-03,150.5,150.78125,149.96875,150.75,0.15625,150.5,4497.0,12481.0
2017-03-06,150.46875,151.15625,150.09375,150.1875,0.1875,150.3125,4306.0,10243.0
2017-03-07,150.21875,150.46875,149.90625,149.90625,0.21875,150.09375,1972.0,7615.0
2017-03-08,149.96875,150.15625,148.5625,149.09375,0.9375,149.15625,2227.0,6830.0
2017-03-09,149.125,149.15625,147.84375,147.90625,1.09375,148.0625,1072.0,4183.0
2017-03-10,147.84375,148.28125,147.6875,148.1875,,148.0625,1194.0,3738.0
2017-03-13,148.3125,148.53125,147.21875,147.21875,0.4375,147.625,1762.0,3146.0
2017-03-14,147.5,148.3125,147.09375,148.0,0.5,148.125,1586.0,2340.0
2017-03-15,148.0625,149.8125,148.0625,149.71875,1.5,149.625,532.0,1656.0
2017-03-16,149.78125,149.90625,148.90625,148.9375,0.375,149.25,696.0,1328.0
2017-03-17,148.9375,149.875,148.84375,149.84375,0.5,149.75,757.0,858.0
2017-03-20,150.25,150.59375,149.5625,150.59375,0.59375,150.34375,109.0,610.0
2017-03-21,150.125,151.59375,149.9375,151.59375,0.9375,151.28125,201.0,547.0
2017-03-22,151.71875,152.4375,151.59375,152.03125,0.6875,151.96875,94.0,424.0
2017-03-23,150.65625,151.0625,150.09375,150.46875,0.25,150.53125,251874.0,628788.0
2017-03-24,150.5,151.1875,150.1875,150.8125,0.5625,151.09375,193467.0,622221.0
2017-03-27,150.90625,152.09375,150.84375,151.34375,0.375,151.46875,201411.0,621012.0
2017-03-28,151.34375,151.875,150.4375,150.5,0.6875,150.78125,229052.0,624700.0
2017-03-29,150.53125,151.40625,150.375,151.28125,0.4375,151.21875,208885.0,624556.0
2017-03-30,151.28125,151.5,150.34375,150.40625,0.6875,150.53125,195153.0,629646.0
2017-03-31,150.4375,151.0,150.15625,150.96875,0.3125,150.84375,257558.0,631837.0
2017-04-03,150.96875,152.375,150.65625,152.3125,0.90625,151.75,295362.0,630598.0
2017-04-04,152.3125,152.40625,151.46875,151.5,0.09375,151.65625,218317.0,635641.0
2017-04-05,151.5625,152.09375,150.84375,151.875,0.15625,151.5,284055.0,639961.0
2017-04-06,151.875,152.0,151.09375,151.75,0.21875,151.71875,200500.0,652115.0
2017-04-07,151.75,153.125,151.21875,151.34375,0.21875,151.5,347985.0,654629.0
2017-04-10,151.375,152.09375,151.09375,151.71875,0.28125,151.78125,183638.0,655489.0
2017-04-11,151.6875,153.125,151.6875,152.9375,1.1875,152.96875,255402.0,644221.0
2017-04-12,152.96875,153.90625,152.6875,153.875,0.03125,153.0,262087.0,642895.0
2017-04-13,153.90625,154.3125,153.34375,153.875,1.0,154.0,226519.0,642477.0
2017-04-17,154.1875,154.46875,153.3125,153.53125,0.53125,153.46875,139040.0,642578.0
2017-04-18,153.5625,155.5,153.46875,155.21875,1.6875,155.15625,294199.0,645623.0
2017-04-19,155.28125,155.3125,154.3125,154.5,0.40625,154.75,202251.0,644021.0
2017-04-20,154.5625,154.96875,153.78125,154.3125,0.59375,154.15625,214072.0,647987.0
2017-04-21,154.28125,154.75,153.9375,154.0,,154.15625,181535.0,650303.0
2017-04-24,153.0625,153.6875,152.5625,153.34375,0.71875,153.4375,243899.0,626436.0
2017-04-25,153.40625,153.53125,152.0,152.1875,1.03125,152.40625,188525.0,635650.0
2017-04-26,152.21875,152.875,151.9375,152.8125,0.25,152.65625,255317.0,640258.0
2017-04-27,152.8125,153.03125,152.21875,152.75,0.0625,152.71875,207888.0,648658.0
2017-04-28,152.71875,153.0625,151.875,153.03125,0.25,152.96875,275036.0,648609.0
2017-05-01,152.96875,153.1875,151.65625,152.15625,0.96875,152.0,204773.0,646453.0
2017-05-02,152.21875,153.09375,151.8125,153.03125,0.75,152.75,218417.0,642270.0
2017-05-03,153.0,153.21875,152.3125,152.53125,0.0625,152.8125,314162.0,641515.0
2017-05-04,152.5625,152.625,151.34375,151.75,1.09375,151.71875,278278.0,648460.0
2017-05-05,151.71875,152.25,151.4375,151.875,0.09375,151.8125,225980.0,649839.0
2017-05-08,151.5625,152.40625,151.03125,151.125,0.5,151.3125,230369.0,654079.0
2017-05-09,151.125,151.28125,150.59375,150.84375,0.5625,150.75,182739.0,665555.0
2017-05-10,150.84375,151.4375,150.40625,150.59375,0.21875,150.53125,242263.0,674699.0
2017-05-11,150.59375,150.875,150.21875,150.8125,0.09375,150.625,269324.0,666136.0
2017-05-12,150.78125,151.6875,150.71875,151.53125,0.8125,151.4375,239227.0,669980.0
2017-05-15,151.5,151.71875,150.96875,151.25,0.15625,151.28125,158482.0,661628.0
2017-05-16,151.3125,152.09375,150.9375,151.65625,0.3125,151.59375,235779.0,662708.0
2017-05-17,151.625,153.875,151.625,153.53125,2.1875,153.78125,408952.0,668248.0
2017-05-18,153.6875,154.40625,153.1875,153.75,0.03125,153.8125,425338.0,689217.0
2017-05-19,153.75,154.15625,153.375,154.0,0.03125,153.84375,238479.0,687868.0
2017-05-22,153.9375,154.09375,153.71875,153.78125,0.0625,153.78125,204134.0,693528.0
2017-05-23,153.78125,154.375,153.15625,153.25,0.5,153.28125,425902.0,684759.0
2017-05-24,153.25,153.96875,153.09375,153.8125,0.25,153.53125,410145.0,604272.0
2017-05-25,153.75,154.0625,153.46875,153.8125,0.3125,153.84375,419199.0,494050.0
2017-05-26,153.8125,154.28125,153.78125,153.96875,0.0625,153.90625,314813.0,327379.0
2017-05-30,153.875,154.78125,153.71875,154.75,0.6875,154.59375,334140.0,203865.0
2017-05-31,154.6875,155.125,154.34375,155.03125,0.53125,155.125,47637.0,72743.0
2017-06-01,154.96875,155.0,154.4375,154.9375,0.28125,154.84375,32190.0,54959.0
2017-06-02,154.90625,156.53125,154.78125,156.25,1.3125,156.15625,21485.0,44904.0
2017-06-05,156.28125,156.40625,155.59375,155.6875,0.5,155.65625,7603.0,27281.0
2017-06-06,155.6875,156.65625,155.65625,156.375,0.625,156.28125,15516.0,23903.0
2017-06-07,156.375,156.4375,155.71875,155.875,0.4375,155.84375,5712.0,18624.0
2017-06-08,155.75,156.0,155.25,155.625,0.28125,155.5625,7172.0,15057.0
2017-06-09,155.90625,156.125,154.96875,155.46875,0.03125,155.53125,4353.0,10327.0
2017-06-12,155.5625,155.9375,155.15625,155.28125,0.25,155.28125,4396.0,7968.0
2017-06-13,155.34375,155.4375,154.90625,155.21875,0.03125,155.3125,2947.0,4851.0
2017-06-14,155.40625,157.40625,155.21875,157.0625,1.59375,156.90625,1044.0,3304.0
2017-06-15,157.0,157.21875,156.5,156.65625,0.1875,156.71875,580.0,2898.0
2017-06-16,156.625,157.15625,156.46875,157.03125,0.15625,156.875,905.0,2592.0
2017-06-19,156.9375,157.3125,156.5625,156.65625,0.21875,156.65625,4501.0,992.0
2017-06-20,156.6875,157.71875,156.5625,157.53125,0.96875,157.625,553.0,904.0
2017-06-21,157.5,157.875,157.15625,157.625,0.03125,157.59375,287.0,660.0
2017-06-22,156.34375,156.71875,156.15625,156.625,0.03125,156.46875,194505.0,761561.0
2017-06-23,156.625,156.6875,156.15625,156.5625,0.15625,156.625,171608.0,764972.0
2017-06-26,156.5625,157.25,156.3125,156.90625,0.28125,156.90625,203468.0,745925.0
2017-06-27,156.875,157.1875,155.21875,155.5,1.21875,155.6875,328829.0,745113.0
2017-06-28,155.53125,155.6875,154.28125,154.84375,0.6875,155.0,315492.0,750190.0
2017-06-29,154.90625,155.0625,153.5625,154.25,0.75,154.25,347708.0,752806.0
2017-06-30,154.25,154.3125,153.5625,153.8125,0.5625,153.6875,349164.0,754133.0
2017-07-03,153.78125,153.9375,152.84375,152.9375,0.625,153.0625,171648.0,745851.0
2017-07-05,152.96875,153.78125,152.90625,153.4375,0.28125,153.34375,249153.0,734396.0
2017-07-06,153.40625,153.46875,151.875,152.28125,1.0625,152.28125,305658.0,734486.0
2017-07-07,152.28125,152.375,151.5625,151.78125,0.625,151.65625,273433.0,727663.0
2017-07-10,151.78125,152.21875,151.625,151.96875,0.34375,152.0,173229.0,733597.0
2017-07-11,151.9375,152.3125,151.625,152.03125,0.0625,152.0625,211475.0,725122.0
2017-07-12,152.03125,153.09375,151.96875,152.90625,0.71875,152.78125,266522.0,730645.0
2017-07-13,152.875,153.34375,151.875,152.21875,0.59375,152.1875,239692.0,734341.0
2017-07-14,152.25,153.5,152.03125,152.4375,0.4375,152.625,265888.0,731784.0
2017-07-17,152.40625,153.0625,152.375,152.65625,0.25,152.875,157983.0,719820.0
2017-07-18,152.65625,153.96875,152.625,153.90625,0.96875,153.84375,212355.0,722495.0
2017-07-19,153.84375,154.09375,153.625,153.84375,0.09375,153.9375,153733.0,725921.0
2017-07-20,153.84375,154.6875,153.78125,154.25,0.125,154.0625,237001.0,724344.0
2017-07-21,154.1875,154.96875,154.0625,154.625,0.71875,154.78125,161190.0,730700.0
2017-07-24,154.625,154.84375,154.15625,154.15625,0.53125,154.25,131102.0,720600.0
2017-07-25,154.1875,154.34375,152.46875,152.46875,1.625,152.625,250362.0,724647.0
2017-07-26,152.5,153.3125,152.25,153.03125,0.53125,153.15625,264610.0,729813.0
2017-07-27,153.0625,153.40625,152.09375,152.59375,0.5625,152.59375,287637.0,735083.0
2017-07-28,152.65625,153.21875,152.09375,153.125,0.59375,153.1875,248448.0,729890.0
2017-07-31,153.15625,153.5,152.65625,153.0,0.21875,152.96875,194823.0,727499.0
2017-08-01,152.9375,154.09375,152.28125,153.90625,1.0625,154.03125,303373.0,730749.0
2017-08-02,153.90625,154.5625,153.53125,153.96875,0.1875,154.21875,262779.0,735948.0
2017-08-03,153.96875,155.28125,153.96875,155.15625,0.78125,155.0,210445.0,744355.0
2017-08-04,155.125,155.3125,153.6875,154.15625,0.90625,154.09375,237566.0,750231.0
2017-08-07,154.125,154.46875,153.875,154.40625,0.21875,154.3125,130750.0,751826.0
2017-08-08,154.40625,154.5,153.53125,154.125,0.59375,153.71875,188397.0,752649.0
2017-08-09,154.1875,155.25,154.15625,154.5625,1.0,154.71875,246105.0,753872.0
2017-08-10,154.625,155.59375,154.40625,155.53125,0.625,155.34375,275464.0,752782.0
2017-08-11,155.53125,155.90625,154.71875,155.5,0.125,155.46875,268398.0,752367.0
2017-08-14,155.40625,155.5,154.84375,155.125,0.3125,155.15625,181940.0,741216.0
2017-08-15,155.15625,155.1875,153.75,154.1875,0.75,154.40625,251418.0,740978.0
2017-08-16,154.21875,155.1875,153.8125,155.09375,0.65625,155.0625,215009.0,740557.0
2017-08-17,155.0625,156.0,154.5625,155.875,0.625,155.6875,270102.0,741287.0
2017-08-18,155.875,156.375,155.5,155.8125,0.15625,155.84375,264891.0,735994.0
2017-08-21,155.75,156.28125,155.53125,156.15625,0.3125,156.15625,174689.0,740721.0
2017-08-22,156.1875,156.21875,155.5,155.625,0.5625,155.59375,198048.0,740142.0
2017-08-23,155.65625,156.5625,155.5,156.53125,0.90625,156.5,242571.0,733349.0
2017-08-24,156.5625,156.59375,156.0,156.03125,0.40625,156.09375,377446.0,703296.0
2017-08-25,156.0625,156.75,155.90625,156.65625,0.4375,156.53125,456060.0,607406.0
2017-08-28,156.625,156.8125,156.15625,156.65625,0.21875,156.75,365356.0,410747.0
2017-08-29,157.0,158.125,156.8125,157.09375,0.1875,156.9375,412289.0,240724.0
2017-08-30,157.03125,157.25,156.71875,157.15625,0.03125,156.90625,204677.0,125357.0
2017-08-31,157.125,157.5,156.75,157.4375,0.46875,157.375,58153.0,73494.0
2017-09-01,157.4375,158.0,156.21875,156.3125,0.90625,156.46875,24030.0,45701.0
2017-09-05,156.84375,158.5,156.46875,158.4375,1.8125,158.28125,13633.0,34187.0
2017-09-06,158.4375,158.65625,157.53125,157.6875,0.65625,157.625,7030.0,29104.0
2017-09-07,157.6875,159.21875,157.65625,159.03125,1.03125,158.65625,4095.0,25609.0
2017-09-08,158.96875,159.5625,158.34375,158.78125,0.09375,158.5625,4564.0,22230.0
2017-09-11,158.125,158.15625,157.0625,157.28125,1.28125,157.28125,4638.0,19170.0
2017-09-12,157.34375,157.34375,156.40625,156.5625,0.75,156.53125,1490.0,15441.0
2017-09-13,156.46875,156.875,156.09375,156.1875,0.4375,156.09375,3448.0,14759.0
2017-09-14,156.28125,156.5625,155.6875,156.5625,0.15625,156.25,2940.0,12161.0
2017-09-15,156.625,156.75,156.0625,156.3125,0.0625,156.3125,1895.0,10854.0
2017-09-18,156.21875,156.28125,155.46875,155.6875,0.6875,155.625,1506.0,9162.0
2017-09-19,155.8125,156.0,155.34375,155.34375,0.21875,155.40625,2812.0,8340.0
2017-09-20,155.46875,155.6875,155.21875,155.3125,0.0625,155.34375,2707.0,5959.0
2017-09-21,153.90625,154.53125,153.65625,153.9375,0.125,153.875,241363.0,715100.0
2017-09-22,153.9375,154.59375,153.90625,154.375,0.21875,154.09375,222334.0,715126.0
2017-09-25,154.25,155.125,154.0625,154.875,0.8125,154.90625,268954.0,711230.0
2017-09-26,154.84375,155.09375,154.34375,154.65625,0.125,154.78125,223939.0,709636.0
2017-09-27,154.65625,154.78125,152.75,152.9375,1.84375,152.9375,397988.0,715819.0
2017-09-28,152.90625,153.125,152.03125,152.75,0.15625,152.78125,332130.0,720058.0
2017-09-29,152.75,153.0,152.375,152.6875,0.03125,152.8125,351044.0,708762.0
2017-10-02,152.6875,153.125,152.0625,152.53125,0.125,152.6875,254181.0,712658.0
2017-10-03,152.5625,152.875,152.0,152.78125,0.0625,152.625,227322.0,721776.0
2017-10-04,152.8125,153.25,152.1875,152.78125,0.0625,152.5625,222592.0,730265.0
2017-10-05,152.75,152.9375,152.03125,152.28125,0.3125,152.25,217419.0,734271.0
2017-10-06,152.28125,152.375,151.21875,152.15625,0.34375,151.90625,329040.0,742103.0
2017-10-09,152.0625,152.3125,151.875,152.21875,0.1875,152.09375,48166.0,747165.0
2017-10-10,152.21875,153.0625,151.875,152.15625,0.40625,152.5,285258.0,747350.0
2017-10-11,152.1875,152.875,152.0625,152.4375,0.0625,152.5625,200040.0,741040.0
2017-10-12,152.4375,153.1875,152.3125,153.1875,0.53125,153.09375,255739.0,740139.0
2017-10-13,153.125,154.15625,152.9375,154.15625,0.90625,154.0,287200.0,743434.0
2017-10-16,154.09375,154.125,153.5625,153.75,0.28125,153.71875,196666.0,741404.0
2017-10-17,153.75,154.09375,153.3125,154.03125,0.34375,154.0625,206322.0,838803.0
2017-10-18,154.0625,154.09375,152.78125,152.9375,1.03125,153.03125,244765.0,739404.0
2017-10-19,152.90625,154.0625,152.90625,153.4375,0.5,153.53125,291496.0,735393.0
2017-10-20,153.40625,153.5625,151.78125,152.09375,1.34375,152.1875,344080.0,748556.0
2017-10-23,152.09375,152.625,151.875,152.46875,0.15625,152.34375,188607.0,746705.0
2017-10-24,152.4375,152.53125,151.28125,151.46875,0.65625,151.6875,231882.0,738654.0
2017-10-25,151.5,151.625,150.4375,151.125,0.78125,150.90625,361785.0,739886.0
2017-10-26,151.15625,151.6875,150.46875,150.53125,0.1875,150.71875,300367.0,746649.0
2017-10-27,150.53125,151.5625,150.3125,151.53125,0.46875,151.1875,338786.0,746156.0
2017-10-30,151.5,152.4375,151.34375,152.34375,1.1875,152.375,228202.0,738984.0
2017-10-31,152.28125,152.59375,152.09375,152.34375,0.09375,152.46875,221523.0,729116.0
2017-11-01,152.375,153.3125,151.96875,152.8125,0.28125,152.75,311754.0,729381.0
2017-11-02,152.90625,153.6875,152.6875,153.5,0.71875,153.46875,274250.0,732276.0
2017-11-03,153.5,154.0,153.34375,153.84375,0.1875,153.65625,256068.0,735323.0
2017-11-06,153.75,154.375,153.375,154.25,0.5625,154.21875,188143.0,737362.0
2017-11-07,154.28125,154.75,153.90625,154.46875,0.46875,154.6875,271718.0,741781.0
2017-11-08,154.53125,154.8125,154.125,154.15625,0.34375,154.34375,206325.0,751740.0
2017-11-09,154.15625,154.4375,153.5625,153.625,0.46875,153.875,354106.0,758380.0
2017-11-10,153.6875,153.78125,152.0625,152.25,1.5625,152.3125,317396.0,769975.0
2017-11-13,152.15625,152.9375,152.03125,152.28125,0.09375,152.40625,253610.0,763823.0
2017-11-14,152.34375,153.125,152.15625,153.0,0.46875,152.875,253353.0,762195.0
2017-11-15,153.0625,154.3125,153.03125,154.25,1.125,154.0,325324.0,752627.0
2017-11-16,154.28125,154.28125,153.09375,153.125,0.4375,153.5625,255060.0,756583.0
2017-11-17,153.15625,154.15625,153.09375,154.0,0.21875,153.78125,239900.0,756246.0
2017-11-20,154.03125,154.4375,153.59375,153.8125,0.125,153.65625,236119.0,748630.0
2017-11-21,153.8125,154.6875,153.75,154.1875,0.4375,154.09375,387245.0,736301.0
2017-11-22,154.1875,154.625,153.53125,154.59375,0.40625,154.5,319564.0,672441.0
2017-11-24,154.625,154.75,153.90625,154.3125,0.25,154.25,159120.0,614101.0
2017-11-27,154.3125,154.75,153.9375,154.3125,0.09375,154.34375,581640.0,567083.0
2017-11-28,154.3125,154.84375,154.0625,154.40625,0.0625,154.28125,469822.0,375281.0
2017-11-29,154.40625,154.6875,152.875,153.125,0.96875,153.3125,338554.0,179249.0
2017-11-30,153.15625,153.3125,152.125,152.96875,0.46875,152.84375,65638.0,79869.0
2017-12-01,152.96875,155.28125,152.875,154.28125,1.53125,154.375,40363.0,51841.0
2017-12-04,153.625,154.3125,153.1875,154.21875,0.25,154.125,13572.0,41761.0
2017-12-05,154.1875,154.90625,153.78125,154.8125,0.6875,154.8125,7124.0,36385.0
2017-12-06,154.75,155.65625,154.65625,154.96875,0.34375,155.15625,13727.0,32632.0
2017-12-07,154.96875,155.53125,153.96875,154.28125,1.1875,153.96875,2131.0,22198.0
2017-12-08,154.21875,154.375,153.6875,154.125,0.03125,154.0,4660.0,21458.0
2017-12-11,154.125,154.71875,154.03125,154.0625,0.15625,154.15625,2184.0,17940.0
2017-12-12,154.15625,154.28125,153.3125,153.875,0.375,153.78125,1368.0,16508.0
2017-12-13,153.9375,154.875,153.4375,154.875,1.03125,154.8125,1691.0,15669.0
2017-12-14,154.625,155.25,154.25,155.1875,0.40625,155.21875,1949.0,15317.0
2017-12-15,155.125,155.5,154.8125,155.375,0.15625,155.375,1336.0,14871.0
2017-12-18,155.28125,155.28125,154.1875,154.34375,1.09375,154.28125,2633.0,14847.0
2017-12-19,154.3125,154.5,152.53125,152.53125,1.75,152.53125,2758.0,13837.0
2017-12-20,151.65625,151.875,150.4375,150.5625,0.9375,150.5625,288488.0,755764.0
2017-12-21,150.53125,151.25,150.46875,151.0,0.625,151.1875,185263.0,754809.0
2017-12-22,151.0,151.21875,150.875,151.03125,0.1875,151.0,98151.0,752910.0
2017-12-26,150.90625,151.78125,150.75,151.375,0.625,151.625,77670.0,751351.0
2017-12-27,151.375,153.125,151.375,152.96875,1.3125,152.9375,224965.0,753515.0
2017-12-28,152.90625,152.90625,152.40625,152.71875,0.21875,152.71875,148281.0,759049.0
2017-12-29,152.71875,153.09375,152.3125,152.8125,0.28125,153.0,166824.0,765620.0
2018-01-02,152.84375,152.90625,151.375,151.6875,1.25,151.75,240012.0,758825.0
2018-01-03,151.6875,152.40625,151.53125,152.25,0.5625,152.3125,196922.0,759743.0
2018-01-04,152.21875,152.40625,151.59375,152.28125,,152.3125,220618.0,763272.0
2018-01-05,152.3125,152.65625,151.65625,151.8125,0.5,151.8125,246895.0,767158.0
2018-01-08,151.84375,152.21875,151.46875,151.78125,0.09375,151.71875,142512.0,764684.0
2018-01-09,151.78125,151.8125,150.03125,150.0625,1.5,150.21875,363207.0,762420.0
2018-01-10,150.03125,150.1875,149.09375,149.875,0.15625,150.0625,416968.0,771283.0
2018-01-11,149.90625,150.625,149.53125,150.3125,0.375,150.4375,361618.0,791735.0
2018-01-12,150.15625,150.59375,149.53125,150.5,0.0625,150.5,285738.0,796969.0
2018-01-16,150.5,151.03125,150.3125,150.90625,0.3125,150.8125,266091.0,790567.0
2018-01-17,150.875,151.1875,150.09375,150.125,0.5,150.3125,294799.0,785104.0
2018-01-18,150.125,150.25,149.09375,149.125,0.875,149.4375,360652.0,787938.0
2018-01-19,149.15625,149.375,148.53125,148.5625,0.4375,149.0,344749.0,792496.0
2018-01-22,148.90625,149.28125,148.375,148.90625,0.3125,148.6875,225425.0,795509.0
2018-01-23,148.875,149.6875,148.78125,149.375,0.53125,149.21875,280272.0,805389.0
2018-01-24,149.375,149.5,148.21875,148.65625,0.75,148.46875,354344.0,808075.0
2018-01-25,148.65625,149.5,148.34375,149.40625,0.9375,149.40625,372967.0,812706.0
2018-01-26,149.375,149.46875,148.46875,148.8125,0.65625,148.75,274002.0,812133.0
2018-01-29,148.75,148.90625,147.5625,148.125,0.625,148.125,306984.0,805693.0
2018-01-30,148.0625,148.34375,147.125,147.40625,0.75,147.375,380964.0,805759.0
2018-01-31,147.4375,148.1875,147.09375,148.0625,0.4375,147.8125,505384.0,801599.0
2018-02-01,148.03125,148.0625,146.09375,146.1875,1.25,146.5625,453464.0,802571.0
2018-02-02,146.1875,146.375,144.75,145.0,1.78125,144.78125,550664.0,804204.0
2018-02-05,144.9375,147.5,144.09375,146.90625,0.90625,145.6875,700723.0,805109.0
2018-02-06,146.90625,147.71875,145.46875,145.5625,0.34375,146.03125,655260.0,799340.0
2018-02-07,145.5625,146.375,144.34375,144.65625,1.40625,144.625,471471.0,784048.0
2018-02-08,144.65625,144.96875,143.625,144.28125,0.53125,144.09375,686575.0,790636.0
2018-02-09,144.15625,144.78125,143.59375,143.8125,0.0625,144.15625,602895.0,795531.0
2018-02-12,143.71875,145.1875,143.125,144.3125,0.25,144.40625,407512.0,792766.0
2018-02-13,144.25,144.9375,144.1875,144.84375,0.15625,144.5625,252330.0,824667.0
2018-02-14,144.78125,145.28125,143.21875,143.59375,1.1875,143.375,433219.0,817883.0
2018-02-15,143.5625,144.34375,143.125,143.65625,0.625,144.0,340799.0,825704.0
2018-02-16,143.625,144.84375,143.5625,144.21875,0.21875,144.21875,294344.0,823625.0
2018-02-20,144.1875,144.46875,143.4375,143.90625,0.34375,143.875,323574.0,822091.0
2018-02-21,143.90625,144.1875,142.4375,142.71875,1.1875,142.6875,360608.0,809595.0
2018-02-22,142.71875,143.59375,142.65625,143.03125,0.4375,143.125,512552.0,775149.0
2018-02-23,143.0625,144.25,142.75,144.15625,0.9375,144.0625,469160.0,620203.0
2018-02-26,144.125,144.84375,143.96875,144.15625,0.15625,144.21875,578988.0,458674.0
2018-02-27,144.125,144.53125,143.1875,143.78125,0.65625,143.5625,353418.0,192928.0
2018-02-28,143.8125,144.5625,143.5625,144.5,0.875,144.4375,57478.0,74398.0
2018-03-01,144.5,145.53125,144.1875,145.34375,0.90625,145.34375,35588.0,35314.0
2018-03-02,145.34375,145.625,144.1875,144.3125,0.90625,144.4375,11720.0,27060.0
2018-03-05,144.3125,145.1875,143.6875,144.03125,0.3125,144.125,7524.0,20196.0
2018-03-06,144.03125,144.75,143.6875,144.125,0.28125,144.40625,4912.0,16295.0
2018-03-07,144.34375,145.0,144.0625,144.1875,0.28125,144.125,7260.0,14151.0
2018-03-08,144.1875,145.03125,144.0625,144.8125,0.46875,144.59375,2428.0,9145.0
2018-03-09,144.65625,144.71875,143.84375,144.15625,0.4375,144.15625,1289.0,5714.0
2018-03-12,144.0,144.78125,143.90625,144.6875,0.59375,144.75,1354.0,2183.0
2018-03-13,144.59375,145.40625,144.46875,145.1875,0.40625,145.15625,817.0,2233.0
2018-03-14,145.25,146.125,145.125,145.875,0.71875,145.875,539.0,1995.0
2018-03-15,146.15625,146.21875,145.65625,145.875,0.0625,145.8125,306.0,1752.0
2018-03-16,145.875,146.34375,145.3125,145.46875,0.375,145.4375,968.0,1562.0
2018-03-19,145.375,145.6875,144.875,145.3125,0.09375,145.53125,710.0,1362.0
2018-03-20,144.75,144.96875,144.65625,144.875,0.71875,144.8125,112.0,888.0
2018-03-21,143.5,144.15625,142.9375,143.75,0.34375,143.5,285459.0,790548.0
2018-03-22,143.71875,145.5,143.6875,144.875,1.25,144.75,443092.0,785409.0
2018-03-23,144.78125,145.40625,144.1875,144.96875,0.03125,144.71875,283377.0,796967.0
2018-03-26,144.875,145.125,144.21875,144.46875,,144.71875,233715.0,788425.0
2018-03-27,144.4375,145.875,144.34375,145.6875,0.90625,145.625,328205.0,793328.0
2018-03-28,145.71875,146.3125,145.40625,145.6875,0.25,145.875,340989.0,799319.0
2018-03-29,145.6875,146.75,145.59375,146.3125,0.75,146.625,286666.0,793058.0
2018-04-02,146.28125,147.09375,145.96875,146.84375,0.125,146.75,189922.0,782191.0
2018-04-03,146.84375,146.875,145.6875,145.9375,0.875,145.875,283689.0,785655.0
2018-04-04,145.9375,146.5625,145.375,145.5,0.15625,145.71875,291718.0,773647.0
2018-04-05,145.46875,145.5,144.78125,144.84375,0.8125,144.90625,211060.0,768147.0
2018-04-06,144.875,146.125,144.8125,146.0625,1.125,146.03125,321373.0,767085.0
2018-04-09,146.0,146.3125,145.4375,146.125,0.03125,146.0625,217099.0,765284.0
2018-04-10,146.09375,146.25,145.53125,145.8125,0.125,145.9375,252369.0,762463.0
2018-04-11,145.71875,146.875,145.59375,146.28125,0.1875,146.125,294589.0,769177.0
2018-04-12,146.3125,146.4375,145.09375,145.28125,0.75,145.375,267718.0,783415.0
2018-04-13,145.28125,145.78125,145.1875,145.5,0.03125,145.40625,214786.0,789755.0
2018-04-16,145.375,145.5625,144.65625,145.53125,0.0625,145.46875,231559.0,791820.0
2018-04-17,145.46875,146.0625,145.21875,145.59375,0.5625,146.03125,234598.0,800527.0
2018-04-18,145.59375,145.84375,144.65625,144.71875,1.09375,144.9375,271506.0,809521.0
2018-04-19,144.78125,144.9375,143.375,143.84375,1.15625,143.78125,353184.0,807546.0
2018-04-20,143.84375,143.96875,142.90625,142.9375,0.6875,143.09375,233136.0,816030.0
2018-04-23,142.96875,143.0625,142.28125,142.9375,0.125,142.96875,221095.0,813149.0
2018-04-24,142.9375,143.28125,142.28125,142.34375,0.4375,142.53125,271196.0,814499.0
2018-04-25,142.28125,142.5,141.53125,141.75,0.78125,141.75,264798.0,813033.0
2018-04-26,141.78125,142.625,141.59375,142.59375,0.625,142.375,214824.0,819698.0
2018-04-27,142.5625,143.28125,142.5,143.21875,0.875,143.25,214715.0,820534.0
2018-04-30,143.15625,143.875,142.9375,143.34375,0.59375,143.84375,276290.0,814678.0
2018-05-01,143.40625,143.625,142.96875,143.3125,0.6875,143.15625,218311.0,821854.0
2018-05-02,143.3125,143.5625,142.6875,143.09375,0.09375,143.25,271236.0,830054.0
2018-05-03,143.09375,143.9375,142.90625,143.53125,0.3125,143.5625,267967.0,843936.0
2018-05-04,143.5,144.25,143.15625,143.5,0.09375,143.65625,240323.0,843250.0
2018-05-07,143.46875,143.84375,143.34375,143.5,0.09375,143.5625,129420.0,844769.0
2018-05-08,143.46875,143.6875,142.90625,143.21875,0.1875,143.375,218552.0,844560.0
2018-05-09,143.21875,143.28125,142.46875,142.5625,0.71875,142.65625,235291.0,843373.0
2018-05-10,142.5625,143.375,142.53125,143.28125,0.53125,143.1875,316276.0,843437.0
2018-05-11,143.3125,143.65625,142.90625,143.125,0.0625,143.125,230586.0,854256.0
2018-05-14,143.09375,143.34375,142.5625,142.59375,0.375,142.75,197102.0,846218.0
2018-05-15,142.625,142.71875,140.8125,141.25,1.6875,141.0625,421804.0,846164.0
2018-05-16,141.28125,141.59375,140.8125,140.9375,0.125,140.9375,302331.0,854984.0
2018-05-17,140.9375,141.03125,140.28125,140.4375,0.5,140.4375,325308.0,861204.0
2018-05-18,140.4375,141.375,140.15625,141.3125,0.75,141.1875,296457.0,866349.0
2018-05-21,141.03125,141.5,140.78125,141.34375,0.09375,141.28125,264432.0,868914.0
2018-05-22,141.34375,141.5625,141.03125,141.34375,0.03125,141.25,266210.0,850896.0
2018-05-23,141.3125,142.53125,141.25,142.4375,0.96875,142.21875,519358.0,817648.0
2018-05-24,142.40625,143.1875,142.03125,142.875,0.5625,142.78125,609091.0,696823.0
2018-05-25,142.8125,143.9375,142.59375,143.9375,0.90625,143.6875,551954.0,537656.0
2018-05-29,143.71875,146.5,143.28125,146.25,2.5625,146.25,1006631.0,369474.0
2018-05-30,146.4375,146.71875,144.53125,145.15625,0.8125,145.4375,441371.0,173980.0
2018-05-31,145.1875,146.03125,144.8125,145.25,0.5625,146.0,64939.0,76590.0
2018-06-01,145.34375,145.46875,144.28125,144.6875,1.1875,144.8125,27813.0,37943.0
2018-06-04,144.6875,144.8125,143.90625,144.0625,0.6875,144.125,26184.0,27929.0
2018-06-05,144.03125,144.71875,144.03125,144.09375,0.1875,144.3125,9993.0,17030.0
2018-06-06,144.125,144.1875,143.125,143.40625,1.0625,143.25,7911.0,14619.0
2018-06-07,143.25,145.0,142.90625,144.3125,0.875,144.125,3398.0,11964.0
2018-06-08,144.21875,144.78125,143.84375,143.875,0.09375,144.03125,3308.0,10798.0
2018-06-11,143.9375,144.0,143.4375,143.75,0.375,143.65625,1455.0,10257.0
2018-06-12,143.65625,143.84375,143.21875,143.625,0.09375,143.75,1777.0,9737.0
2018-06-13,143.71875,143.9375,142.9375,143.625,0.3125,143.4375,5407.0,9182.0
2018-06-14,143.9375,144.4375,143.71875,144.25,0.6875,144.125,1150.0,5902.0
2018-06-15,144.28125,145.125,144.1875,144.5625,0.375,144.5,1893.0,5593.0
2018-06-18,144.6875,144.9375,144.28125,144.53125,0.09375,144.40625,1671.0,5092.0
2018-06-19,144.625,145.59375,144.59375,144.90625,0.53125,144.9375,1669.0,4627.0
2018-06-20,144.9375,145.15625,144.5,144.53125,0.4375,144.5,347.0,3237.0
2018-06-21,143.1875,144.125,143.03125,143.84375,0.46875,143.96875,277975.0,804624.0
2018-06-22,143.90625,144.09375,143.40625,144.0,,143.96875,178186.0,795195.0
2018-06-25,144.0,144.5625,143.96875,144.3125,0.375,144.34375,227788.0,789651.0
2018-06-26,144.28125,144.53125,143.9375,144.25,0.09375,144.25,221301.0,791089.0
2018-06-27,144.25,145.34375,144.15625,145.28125,1.03125,145.28125,336935.0,792742.0
2018-06-28,145.25,145.34375,144.90625,145.15625,0.3125,144.96875,221831.0,801210.0
2018-06-29,145.1875,145.5,144.6875,144.875,0.03125,145.0,321052.0,788529.0
2018-07-02,144.84375,145.40625,144.65625,144.71875,0.25,144.75,183666.0,792018.0
2018-07-03,144.71875,145.46875,144.5,145.4375,0.59375,145.34375,194963.0,791726.0
2018-07-05,145.40625,145.78125,144.84375,145.59375,0.15625,145.5,225057.0,798269.0
2018-07-06,145.625,146.34375,145.375,145.84375,0.15625,145.65625,195739.0,811085.0
2018-07-09,145.84375,145.875,145.09375,145.125,0.53125,145.125,160004.0,815337.0
2018-07-10,145.15625,145.3125,144.9375,145.28125,0.125,145.0,191584.0,814929.0
2018-07-11,145.34375,145.75,145.09375,145.3125,0.46875,145.46875,257347.0,823212.0
2018-07-12,145.34375,145.4375,145.0,145.4375,0.1875,145.28125,205580.0,825260.0
2018-07-13,145.40625,145.78125,145.21875,145.71875,0.40625,145.6875,163203.0,833922.0
2018-07-16,145.71875,145.75,144.71875,145.125,0.5625,145.125,234028.0,837979.0
2018-07-17,145.1875,145.375,144.875,145.09375,0.09375,145.03125,160621.0,835460.0
2018-07-18,145.0625,145.34375,144.5625,144.8125,0.3125,144.71875,183152.0,837346.0
2018-07-19,144.8125,145.5625,144.375,145.40625,0.5625,145.28125,283128.0,838199.0
2018-07-20,145.40625,145.5,144.125,144.25,1.09375,144.1875,297145.0,842222.0
2018-07-23,144.3125,144.375,142.78125,142.96875,1.375,142.8125,339160.0,828812.0
2018-07-24,143.0,143.25,142.65625,143.15625,0.375,143.1875,291703.0,838391.0
2018-07-25,143.125,143.59375,142.625,142.6875,0.21875,143.40625,326744.0,833474.0
2018-07-26,142.71875,143.25,142.5625,142.6875,0.71875,142.6875,241456.0,835522.0
2018-07-27,142.65625,143.25,142.5,143.03125,0.25,142.9375,244986.0,834502.0
2018-07-30,143.0,143.0,142.375,142.59375,0.3125,142.625,228730.0,824590.0
2018-07-31,142.59375,143.5,142.5625,143.03125,0.34375,142.96875,443680.0,824939.0
2018-08-01,143.0,143.28125,141.84375,142.125,0.75,142.21875,294352.0,823958.0
2018-08-02,142.1875,142.78125,142.0625,142.40625,0.21875,142.4375,264972.0,841702.0
2018-08-03,142.4375,143.0625,142.28125,143.03125,0.53125,142.96875,234531.0,842171.0
2018-08-06,142.96875,143.5625,142.875,143.125,0.28125,143.25,211459.0,840054.0
2018-08-07,143.125,143.28125,142.46875,142.5625,0.65625,142.59375,187602.0,837327.0
2018-08-08,142.59375,142.90625,142.34375,142.71875,0.03125,142.625,199053.0,841729.0
2018-08-09,142.71875,143.53125,142.59375,143.46875,0.65625,143.28125,272596.0,849470.0
2018-08-10,143.4375,144.6875,143.375,144.34375,1.375,144.65625,371601.0,858117.0
2018-08-13,144.5625,144.78125,144.03125,144.21875,0.34375,144.3125,362690.0,844990.0
2018-08-14,144.1875,144.40625,143.84375,143.875,0.28125,144.03125,240649.0,843786.0
2018-08-15,143.90625,145.0,143.875,144.5625,0.71875,144.75,306974.0,843191.0
2018-08-16,144.5625,144.71875,144.15625,144.59375,0.21875,144.53125,214066.0,860925.0
2018-08-17,144.625,145.09375,144.46875,144.6875,,144.53125,225441.0,861644.0
2018-08-20,144.6875,145.5625,144.59375,145.46875,0.9375,145.46875,228153.0,864524.0
2018-08-21,145.46875,145.53125,144.84375,145.28125,0.34375,145.125,265093.0,857994.0
2018-08-22,145.34375,145.75,145.1875,145.46875,0.34375,145.46875,302681.0,848702.0
2018-08-23,145.46875,145.75,145.375,145.46875,0.1875,145.65625,287940.0,821731.0
2018-08-24,145.46875,145.90625,145.09375,145.90625,0.0625,145.59375,419531.0,796189.0
2018-08-27,145.875,145.90625,145.0625,145.125,0.46875,145.125,426647.0,683094.0
2018-08-28,145.125,145.15625,144.3125,144.46875,0.6875,144.4375,534705.0,524454.0
2018-08-29,144.5,144.75,144.25,144.5625,0.15625,144.59375,387771.0,297077.0
2018-08-30,144.5625,145.0625,144.46875,145.0,0.375,144.96875,310450.0,167115.0
2018-08-31,144.96875,145.5,144.6875,144.84375,,144.96875,36499.0,66754.0
2018-09-04,144.78125,144.9375,143.84375,144.03125,1.09375,143.875,32504.0,56028.0
2018-09-05,144.0,144.3125,143.65625,143.90625,,143.875,9966.0,41163.0
2018-09-06,143.875,144.46875,143.6875,144.375,0.5,144.375,9675.0,37978.0
2018-09-07,144.53125,144.53125,143.1875,143.3125,1.03125,143.34375,26844.0,34151.0
2018-09-10,143.21875,143.625,143.1875,143.625,0.15625,143.5,1354.0,15454.0
2018-09-11,143.59375,143.59375,142.6875,142.78125,0.75,142.75,4579.0,14231.0
2018-09-12,142.84375,143.1875,142.8125,143.0,0.3125,143.0625,2541.0,10807.0
2018-09-13,142.875,143.4375,142.78125,142.96875,0.09375,143.15625,2587.0,8210.0
2018-09-14,142.90625,143.03125,142.375,142.46875,0.625,142.53125,1623.0,6449.0
2018-09-17,142.5,142.71875,142.03125,142.59375,0.125,142.40625,3970.0,5773.0
2018-09-18,142.5625,142.78125,141.28125,141.28125,1.0,141.40625,2103.0,3336.0
2018-09-19,141.34375,141.46875,140.5625,141.03125,0.34375,141.0625,819.0,2391.0
2018-09-20,140.4375,140.59375,139.75,140.5,0.34375,140.25,332901.0,866040.0
2018-09-21,140.5,140.6875,140.09375,140.46875,0.09375,140.34375,216590.0,876724.0
2018-09-24,140.4375,140.5,139.9375,139.96875,0.09375,140.25,246910.0,863300.0
2018-09-25,139.9375,140.03125,139.53125,139.875,0.46875,139.78125,270720.0,858388.0
2018-09-26,139.875,140.75,139.84375,140.65625,0.75,140.53125,306897.0,864620.0
2018-09-27,140.6875,141.09375,140.25,140.65625,0.125,140.65625,295274.0,867237.0
2018-09-28,140.59375,141.125,140.3125,140.3125,0.15625,140.5,414855.0,877962.0
2018-10-01,140.28125,140.34375,139.71875,139.84375,0.53125,139.96875,314364.0,891624.0
2018-10-02,139.84375,140.71875,139.84375,140.25,0.53125,140.5,387751.0,890225.0
2018-10-03,140.25,140.5,138.09375,138.15625,2.0,138.5,645515.0,886106.0
2018-10-04,138.1875,138.28125,137.25,138.0,0.59375,137.90625,682803.0,920065.0
2018-10-05,137.9375,138.0625,136.8125,137.15625,0.625,137.28125,548639.0,919719.0
2018-10-08,137.15625,137.4375,136.65625,136.9375,0.25,137.03125,106686.0,933673.0
2018-10-09,136.9375,137.8125,136.5,137.71875,0.6875,137.71875,450235.0,932693.0
2018-10-10,137.6875,138.25,136.90625,138.21875,0.46875,137.25,540247.0,944313.0
2018-10-11,138.1875,138.96875,137.71875,138.5,1.59375,138.84375,771679.0,948320.0
2018-10-12,138.46875,138.875,137.9375,138.375,0.125,138.71875,457797.0,936358.0
2018-10-15,138.34375,138.6875,138.21875,138.34375,0.4375,138.28125,286327.0,934511.0
2018-10-16,138.40625,138.59375,138.0,138.375,0.21875,138.5,299088.0,930436.0
2018-10-17,138.375,138.8125,137.625,137.65625,0.34375,138.15625,317840.0,927024.0
2018-10-18,137.65625,138.40625,137.46875,138.03125,0.03125,138.125,445229.0,923920.0
2018-10-19,138.0,138.21875,137.53125,137.8125,0.40625,137.71875,350425.0,919913.0
2018-10-22,137.84375,138.21875,137.625,137.6875,0.09375,137.8125,293195.0,915971.0
2018-10-23,137.6875,139.21875,137.6875,138.1875,0.375,138.1875,549379.0,917683.0
2018-10-24,138.125,139.21875,138.09375,139.0625,0.59375,138.78125,450014.0,917808.0
2018-10-25,139.0625,139.21875,138.40625,138.84375,0.0625,138.71875,340623.0,906380.0
2018-10-26,138.875,139.78125,138.875,139.5,0.71875,139.4375,544794.0,901678.0
2018-10-29,139.4375,139.875,138.78125,139.28125,0.09375,139.34375,436112.0,889330.0
2018-10-30,139.28125,139.375,138.625,138.6875,0.4375,138.90625,432347.0,894190.0
2018-10-31,138.65625,138.75,138.03125,138.3125,0.78125,138.125,386889.0,894484.0
2018-11-01,138.28125,138.65625,137.75,138.625,0.3125,138.4375,368043.0,909927.0
2018-11-02,138.71875,138.75,137.03125,137.1875,1.28125,137.15625,483561.0,914270.0
2018-11-05,137.15625,137.78125,137.125,137.5625,0.40625,137.5625,284505.0,915091.0
2018-11-06,137.53125,137.71875,137.125,137.15625,0.125,137.4375,244678.0,918431.0
2018-11-07,137.125,138.09375,136.75,137.0625,0.0625,137.375,524981.0,918524.0
2018-11-08,137.0,137.625,136.96875,137.0625,0.1875,137.1875,265597.0,925793.0
2018-11-09,137.0,138.09375,137.0,138.0,0.71875,137.90625,308856.0,919303.0
2018-11-12,138.0,138.65625,137.8125,138.5,0.5625,138.46875,103042.0,910727.0
2018-11-13,138.5,138.71875,138.09375,138.625,0.125,138.59375,368794.0,909353.0
2018-11-14,138.625,139.3125,138.09375,138.71875,0.28125,138.875,458305.0,906455.0
2018-11-15,138.71875,139.4375,138.5625,138.8125,0.09375,138.78125,450567.0,900445.0
2018-11-16,138.78125,139.75,138.6875,139.75,0.78125,139.5625,394863.0,907935.0
2018-11-19,139.78125,139.9375,139.0,139.6875,0.21875,139.78125,332450.0,915066.0
2018-11-20,139.625,140.28125,139.59375,139.8125,0.25,140.03125,465859.0,911440.0
2018-11-21,139.8125,139.9375,139.4375,139.8125,0.125,139.90625,341900.0,890888.0
2018-11-23,139.8125,140.53125,139.6875,140.03125,0.09375,140.0,208611.0,866974.0
2018-11-26,140.125,140.15625,139.625,140.0,0.21875,139.78125,657097.0,852978.0
2018-11-27,139.96875,140.15625,139.65625,139.875,0.125,139.90625,693384.0,662256.0
2018-11-28,139.90625,140.0625,139.5,139.65625,0.03125,139.9375,497946.0,440873.0
2018-11-29,139.6875,140.75,139.59375,140.1875,0.1875,140.125,370659.0,220315.0
2018-11-30,140.21875,140.96875,140.1875,140.9375,0.40625,140.53125,74363.0,105350.0
2018-12-03,140.34375,141.625,140.0625,141.53125,0.625,141.15625,42695.0,57203.0
2018-12-04,141.5625,143.59375,141.46875,142.875,1.625,142.78125,32641.0,29666.0
2018-12-05,,,,,,142.78125,0.0,16783.0
2018-12-06,142.78125,144.40625,142.78125,143.3125,1.0,143.78125,16921.0,16717.0
2018-12-07,143.375,144.03125,142.96875,144.0,0.15625,143.9375,5865.0,10732.0
2018-12-10,144.25,144.53125,143.78125,144.03125,0.125,144.0625,1967.0,9239.0
2018-12-11,144.03125,144.40625,143.40625,143.8125,0.28125,143.78125,1605.0,8774.0
2018-12-12,143.71875,143.875,143.15625,143.25,0.5,143.28125,1649.0,8206.0
2018-12-13,143.28125,143.5625,142.90625,142.9375,0.25,143.03125,1053.0,6603.0
2018-12-14,143.28125,143.71875,143.0,143.28125,0.25,143.28125,490.0,6493.0
2018-12-17,143.28125,143.96875,143.21875,143.8125,0.5,143.78125,358.0,6668.0
2018-12-18,144.0,144.6875,143.8125,144.625,0.6875,144.46875,1133.0,2924.0
2018-12-19,144.6875,145.0625,144.5625,144.84375,0.4375,144.90625,188.0,2083.0
2018-12-20,145.53125,146.0,144.28125,144.40625,0.21875,144.8125,521824.0,986658.0
2018-12-21,144.40625,145.1875,144.34375,144.65625,,144.8125,285575.0,972407.0
2018-12-24,144.78125,145.78125,144.53125,145.71875,0.625,145.4375,114279.0,943305.0
2018-12-26,145.75,146.09375,144.40625,144.5,0.6875,144.75,186552.0,937856.0
2018-12-27,144.5,145.875,144.46875,145.0,0.78125,145.53125,273665.0,944355.0
2018-12-28,145.0625,145.875,144.8125,145.75,,145.53125,254410.0,952176.0
2018-12-31,145.65625,146.28125,145.21875,145.875,0.46875,146.0,221026.0,949443.0
2019-01-02,145.71875,147.4375,145.59375,147.40625,0.75,146.75,332095.0,943611.0
2019-01-03,147.5625,148.78125,146.90625,148.53125,1.90625,148.65625,465870.0,945577.0
2019-01-04,148.5,148.84375,146.59375,146.84375,1.78125,146.875,378782.0,955829.0
2019-01-07,146.71875,147.53125,146.125,146.28125,0.375,146.5,298698.0,949992.0
2019-01-08,146.25,146.4375,145.625,145.6875,0.46875,146.03125,239632.0,947632.0
2019-01-09,145.71875,145.90625,145.34375,145.875,0.46875,145.5625,289939.0,935142.0
2019-01-10,145.84375,146.3125,144.9375,145.0,0.28125,145.28125,356844.0,937520.0
2019-01-11,145.03125,146.09375,145.0,145.8125,0.46875,145.75,214952.0,943419.0
2019-01-14,145.75,146.34375,145.34375,145.53125,0.34375,145.40625,229448.0,943859.0
2019-01-15,145.5625,145.90625,145.15625,145.375,,145.40625,308130.0,939262.0
2019-01-16,145.375,145.53125,144.75,145.34375,0.21875,145.1875,291087.0,943616.0
2019-01-17,145.34375,145.75,144.84375,145.03125,0.15625,145.03125,276737.0,953204.0
2019-01-18,145.03125,145.21875,144.28125,144.53125,0.5,144.53125,253255.0,957959.0
2019-01-22,144.53125,145.53125,144.40625,145.25,0.875,145.40625,322140.0,959036.0
2019-01-23,145.25,145.3125,144.4375,145.125,0.4375,144.96875,268405.0,965018.0
2019-01-24,145.125,145.9375,144.96875,145.6875,0.8125,145.78125,284984.0,957311.0
2019-01-25,145.6875,145.84375,144.90625,144.96875,0.6875,145.09375,228926.0,975789.0
2019-01-28,145.0,145.46875,144.875,145.0625,,145.09375,227588.0,947181.0
2019-01-29,145.0625,145.71875,144.96875,145.59375,0.5625,145.65625,208794.0,944009.0
2019-01-30,145.59375,146.03125,145.1875,146.0,0.03125,145.6875,277838.0,947659.0
2019-01-31,145.9375,147.03125,145.90625,146.78125,1.0,146.6875,398251.0,948978.0
2019-02-01,146.8125,146.96875,145.84375,146.03125,0.75,145.9375,306369.0,951859.0
2019-02-04,146.0625,146.09375,145.0,145.28125,0.6875,145.25,215423.0,947193.0
2019-02-05,145.28125,146.0,144.90625,145.75,0.4375,145.6875,207017.0,942667.0
2019-02-06,145.75,146.28125,145.53125,145.75,0.03125,145.65625,217767.0,942020.0
2019-02-07,145.71875,146.5625,145.71875,146.375,0.84375,146.5,296313.0,938904.0
2019-02-08,146.375,146.96875,146.34375,146.8125,0.375,146.875,228767.0,948191.0
2019-02-11,146.78125,146.9375,146.21875,146.5,0.5,146.375,192113.0,953641.0
2019-02-12,146.53125,146.5625,145.8125,145.875,0.40625,145.96875,208530.0,951155.0
2019-02-13,145.90625,146.0625,145.5,145.78125,0.21875,145.75,211297.0,946537.0
2019-02-14,145.8125,146.875,145.65625,146.5625,0.75,146.5,306878.0,946516.0
2019-02-15,146.5625,146.90625,146.09375,146.625,0.0625,146.5625,214760.0,964848.0
2019-02-19,146.5625,147.15625,146.375,147.0,0.28125,146.84375,299062.0,975283.0
2019-02-20,147.0,147.15625,146.34375,146.65625,0.25,146.59375,280416.0,983116.0
2019-02-21,146.71875,146.78125,145.53125,145.6875,0.8125,145.78125,449658.0,948481.0
2019-02-22,145.6875,146.78125,145.65625,146.46875,0.625,146.40625,501391.0,868692.0
2019-02-25,146.34375,146.46875,145.875,146.25,0.28125,146.125,619945.0,787812.0
2019-02-26,146.28125,146.875,146.125,146.84375,0.6875,146.8125,680672.0,557430.0
2019-02-27,146.84375,146.90625,145.40625,145.625,1.25,145.5625,314109.0,252108.0
2019-02-28,145.59375,146.03125,144.875,145.125,0.4375,145.125,94139.0,109420.0
2019-03-01,145.15625,145.21875,144.21875,144.46875,0.65625,144.46875,14645.0,56178.0
2019-03-04,144.375,145.125,144.21875,145.03125,0.59375,145.0625,24967.0,50247.0
2019-03-05,145.0,145.15625,144.59375,145.09375,0.03125,145.09375,9292.0,34140.0
2019-03-06,145.125,145.8125,145.09375,145.5,0.46875,145.5625,7687.0,31034.0
2019-03-07,145.5,146.53125,145.46875,146.40625,0.90625,146.46875,6066.0,28304.0
2019-03-08,146.4375,146.875,146.125,146.59375,0.1875,146.65625,5156.0,22518.0
2019-03-11,146.59375,146.625,146.03125,146.375,0.34375,146.3125,2283.0,19191.0
2019-03-12,146.125,147.1875,145.78125,147.0625,0.78125,147.09375,1035.0,17744.0
2019-03-13,147.03125,147.09375,146.5625,146.625,0.28125,146.8125,3174.0,17374.0
2019-03-14,146.625,146.71875,146.0,146.1875,0.625,146.1875,1905.0,14319.0
2019-03-15,146.34375,147.09375,146.15625,146.90625,0.6875,146.875,1606.0,13209.0
2019-03-18,146.90625,146.96875,146.53125,146.75,0.09375,146.78125,3026.0,12532.0
2019-03-19,146.90625,146.96875,146.0625,146.4375,0.3125,146.46875,4135.0,10021.0
2019-03-20,146.46875,147.0,146.4375,146.90625,0.4375,146.90625,250.0,6406.0
2019-03-21,147.03125,147.46875,146.875,147.03125,0.15625,147.125,293421.0,971149.0
2019-03-22,147.09375,149.125,147.0625,148.78125,1.40625,148.53125,510895.0,971463.0
2019-03-25,148.65625,149.71875,148.1875,149.15625,0.46875,149.0,411110.0,968301.0
2019-03-26,149.15625,149.28125,148.375,148.9375,0.09375,149.09375,329968.0,969352.0
2019-03-27,148.9375,150.15625,148.78125,150.125,0.96875,150.0625,456771.0,978601.0
2019-03-28,150.125,150.65625,149.71875,149.78125,0.03125,150.03125,315089.0,980671.0
2019-03-29,149.8125,150.03125,149.28125,149.75,0.375,149.65625,351323.0,974048.0
2019-04-01,149.65625,149.65625,147.96875,148.125,1.4375,148.21875,318463.0,971211.0
2019-04-02,148.28125,148.71875,148.09375,148.375,0.09375,148.3125,224703.0,956664.0
2019-04-03,148.40625,148.5,147.3125,147.40625,0.8125,147.5,255138.0,959762.0
2019-04-04,147.40625,147.8125,147.34375,147.625,0.1875,147.6875,173709.0,952383.0
2019-04-05,147.59375,148.09375,147.03125,148.0,0.25,147.9375,238423.0,947273.0
2019-04-08,148.0625,148.21875,147.53125,147.5625,0.3125,147.625,147701.0,946297.0
2019-04-09,147.59375,148.28125,147.5,147.90625,0.375,148.0,219014.0,939036.0
2019-04-10,147.875,148.53125,147.71875,148.375,0.21875,148.21875,224830.0,941582.0
2019-04-11,148.375,148.40625,147.625,147.84375,0.5,147.71875,225764.0,945627.0
2019-04-12,147.875,148.0625,146.8125,146.84375,0.8125,146.90625,267936.0,945767.0
2019-04-15,146.8125,147.15625,146.6875,146.96875,0.15625,147.0625,162003.0,947463.0
2019-04-16,147.03125,147.125,146.25,146.375,0.71875,146.34375,229445.0,953383.0
2019-04-17,146.40625,146.5625,145.96875,146.1875,0.03125,146.3125,221809.0,949878.0
2019-04-18,146.25,146.96875,146.21875,146.75,0.53125,146.84375,220971.0,950484.0
2019-04-22,146.78125,146.84375,146.15625,146.25,0.625,146.21875,119511.0,943786.0
2019-04-23,146.3125,146.625,146.125,146.53125,0.28125,146.5,173150.0,945266.0
2019-04-24,146.53125,147.4375,146.4375,147.40625,0.84375,147.34375,206761.0,941581.0
2019-04-25,147.40625,147.46875,147.0,147.21875,0.1875,147.15625,163675.0,944092.0
2019-04-26,147.25,147.8125,146.9375,147.625,0.4375,147.59375,242491.0,943212.0
2019-04-29,147.625,147.65625,146.84375,147.125,0.625,146.96875,190660.0,947382.0
2019-04-30,147.15625,147.625,146.75,147.625,0.5,147.46875,337445.0,943316.0
2019-05-01,147.59375,148.375,147.5,147.875,0.125,147.59375,303323.0,939780.0
2019-05-02,147.8125,147.90625,146.875,147.125,0.65625,146.9375,267271.0,947310.0
2019-05-03,147.15625,147.65625,146.65625,147.40625,0.4375,147.375,246345.0,941570.0
2019-05-06,147.65625,148.75,147.65625,148.15625,0.4375,147.8125,274273.0,947451.0
2019-05-07,148.3125,148.84375,147.75,148.625,0.9375,148.75,333393.0,964778.0
2019-05-08,148.625,149.1875,148.03125,148.15625,0.53125,148.21875,345085.0,963984.0
2019-05-09,148.15625,149.09375,148.125,148.875,0.46875,148.6875,469719.0,963021.0
2019-05-10,148.90625,149.15625,148.40625,148.5,0.03125,148.65625,337448.0,975438.0
2019-05-13,149.0625,149.71875,148.6875,149.5,0.8125,149.46875,321467.0,971857.0
2019-05-14,149.4375,149.625,149.0625,149.28125,0.28125,149.1875,220311.0,979743.0
2019-05-15,149.28125,150.125,149.1875,149.9375,0.6875,149.875,272307.0,974799.0
2019-05-16,149.90625,150.3125,149.34375,149.59375,0.4375,149.4375,205021.0,975514.0
2019-05-17,149.59375,150.125,149.375,149.65625,0.25,149.6875,204353.0,973075.0
2019-05-20,149.6875,150.0,149.28125,149.3125,0.3125,149.375,213864.0,970136.0
2019-05-21,149.34375,149.5625,148.9375,149.125,0.1875,149.1875,217951.0,958711.0
2019-05-22,149.15625,149.9375,149.0625,149.90625,0.53125,149.71875,339876.0,955065.0
2019-05-23,149.90625,151.46875,149.84375,151.0,1.71875,151.4375,524506.0,865821.0
2019-05-24,150.9375,151.25,150.78125,151.21875,0.46875,150.96875,353828.0,746332.0
2019-05-28,151.09375,152.25,151.0,152.09375,1.0625,152.03125,807110.0,627715.0
2019-05-29,152.09375,153.15625,152.0625,152.28125,0.71875,152.75,505272.0,301793.0
2019-05-30,152.28125,153.34375,152.03125,153.25,0.3125,153.0625,217573.0,116040.0
2019-05-31,153.25,154.65625,153.15625,154.65625,1.3125,154.375,52199.0,58958.0
2019-06-03,154.46875,155.6875,154.40625,155.40625,0.875,155.25,18777.0,45373.0
2019-06-04,155.5,155.53125,153.9375,154.15625,0.90625,154.34375,13377.0,43943.0
2019-06-05,154.1875,154.8125,153.71875,153.71875,0.28125,154.0625,9841.0,40594.0
2019-06-06,153.875,154.9375,153.8125,154.3125,0.125,154.1875,9508.0,38941.0
2019-06-07,154.375,155.5625,154.125,155.1875,1.0,155.1875,3634.0,30964.0
2019-06-10,154.59375,154.84375,153.9375,153.9375,1.0625,154.125,3969.0,28361.0
2019-06-11,154.03125,154.3125,153.53125,154.1875,0.125,154.25,6743.0,25017.0
2019-06-12,154.25,154.75,154.03125,154.34375,,154.25,2270.0,21277.0
2019-06-13,154.34375,155.0,154.28125,154.8125,0.65625,154.90625,993.0,19999.0
2019-06-14,155.0,155.46875,154.65625,155.1875,0.0625,154.96875,463.0,19478.0
2019-06-17,155.15625,155.375,154.65625,155.125,0.28125,155.25,1643.0,19326.0
2019-06-18,155.25,156.53125,155.09375,155.71875,0.375,155.625,3028.0,17255.0
2019-06-19,155.5625,155.78125,154.9375,155.03125,0.625,155.0,3846.0,12991.0
2019-06-20,155.46875,156.53125,155.21875,155.34375,0.28125,155.71875,379503.0,953489.0
2019-06-21,155.40625,155.96875,154.5625,154.75,1.125,154.59375,307464.0,948982.0
2019-06-24,154.78125,155.5,154.53125,155.46875,0.8125,155.40625,204766.0,934168.0
2019-06-25,155.4375,156.0625,155.28125,155.96875,0.5,155.90625,263857.0,928288.0
2019-06-26,156.03125,156.03125,154.84375,154.90625,0.9375,154.96875,213718.0,928412.0
2019-06-27,154.9375,155.8125,154.5625,155.53125,0.75,155.71875,214345.0,929785.0
2019-06-28,155.59375,155.6875,155.15625,155.53125,0.125,155.59375,230726.0,927422.0
2019-07-01,,155.65625,154.6875,155.15625,0.59375,155.0,240464.0,918004.0
2019-07-02,155.21875,156.1875,155.125,156.15625,1.09375,156.09375,202312.0,926235.0
2019-07-03,156.15625,156.84375,156.15625,156.625,0.5625,156.65625,199537.0,933143.0
2019-07-05,156.625,157.0625,154.46875,155.15625,1.6875,154.96875,337079.0,935789.0
2019-07-08,,155.6875,,155.125,0.4375,155.40625,214596.0,924417.0
2019-07-09,155.125,155.40625,154.75,154.9375,0.3125,155.09375,214779.0,919709.0
2019-07-10,154.96875,155.25,153.90625,154.53125,0.4375,154.65625,359894.0,920315.0
2019-07-11,154.5625,155.09375,152.96875,153.15625,1.125,153.53125,397925.0,921509.0
2019-07-12,153.28125,153.75,152.875,153.34375,0.1875,153.71875,258510.0,927384.0
2019-07-15,,154.21875,153.0625,154.125,0.34375,154.0625,180092.0,934630.0
2019-07-16,154.15625,154.25,153.15625,153.96875,0.4375,153.625,220206.0,933739.0
2019-07-17,153.9375,155.09375,153.78125,155.0625,1.125,154.75,227240.0,927878.0
2019-07-18,155.0,155.28125,154.25,155.09375,0.21875,154.96875,294094.0,924615.0
2019-07-19,155.09375,155.1875,154.53125,154.65625,0.21875,154.75,229596.0,922100.0
2019-07-22,,155.34375,154.5,154.84375,0.1875,154.9375,171831.0,918383.0
2019-07-23,154.875,154.96875,154.03125,154.09375,0.65625,154.28125,229625.0,920700.0
2019-07-24,154.0,154.9375,154.0,154.90625,0.53125,154.8125,233229.0,922089.0
2019-07-25,154.90625,155.5625,153.71875,154.1875,0.5,154.3125,362324.0,923749.0
2019-07-26,154.25,154.78125,154.0,154.5,0.03125,154.34375,211746.0,923471.0
2019-07-29,,154.96875,,154.59375,0.4375,154.78125,175044.0,919789.0
2019-07-30,154.625,155.09375,154.4375,154.75,0.15625,154.625,198423.0,920818.0
2019-07-31,154.71875,155.90625,154.625,155.6875,0.96875,155.59375,418102.0,922358.0
2019-08-01,155.65625,158.125,154.96875,157.65625,2.09375,157.6875,582829.0,926073.0
2019-08-02,157.40625,158.96875,157.34375,158.75,0.90625,158.59375,487472.0,942329.0
2019-08-05,158.65625,161.34375,158.53125,161.3125,2.125,160.71875,483271.0,941402.0
2019-08-06,161.53125,161.96875,160.03125,161.71875,0.28125,161.0,474111.0,954048.0
2019-08-07,161.6875,163.96875,161.15625,161.1875,1.21875,162.21875,703572.0,955378.0
2019-08-08,161.15625,161.8125,159.71875,161.53125,0.65625,161.5625,485946.0,971576.0
2019-08-09,161.78125,162.4375,161.03125,161.0625,0.28125,161.28125,325559.0,971823.0
2019-08-12,161.34375,163.65625,161.15625,163.28125,2.15625,163.4375,254623.0,970744.0
2019-08-13,163.21875,163.9375,162.15625,162.40625,0.5,162.9375,496763.0,979498.0
2019-08-14,162.53125,165.21875,162.46875,164.96875,1.96875,164.90625,464703.0,974993.0
2019-08-15,164.8125,166.9375,164.53125,165.84375,0.8125,165.71875,620373.0,971228.0
2019-08-16,165.71875,166.1875,164.28125,164.96875,0.15625,165.5625,358442.0,965929.0
2019-08-19,165.03125,165.0625,163.375,164.125,1.3125,164.25,375168.0,960700.0
2019-08-20,164.15625,165.40625,164.125,165.25,0.75,165.0,263870.0,948144.0
2019-08-21,165.1875,165.46875,163.96875,164.46875,0.1875,164.8125,319737.0,945509.0
2019-08-22,164.5,165.21875,163.71875,164.0,0.71875,164.09375,360675.0,937110.0
2019-08-23,163.9375,165.96875,162.9375,165.46875,1.4375,165.53125,561801.0,896929.0
2019-08-26,,167.46875,165.0625,165.25,0.4375,165.09375,570808.0,755347.0
2019-08-27,165.21875,166.90625,165.1875,166.84375,1.40625,166.5,635287.0,571135.0
2019-08-28,166.875,167.5625,166.3125,166.40625,0.40625,166.90625,501039.0,317332.0
2019-08-29,166.375,167.25,165.5625,166.3125,0.84375,166.0625,270974.0,122775.0
2019-08-30,166.25,166.5,165.28125,166.3125,,166.0625,37812.0,38597.0
2019-09-03,166.5,167.53125,165.34375,166.75,0.65625,166.71875,10266.0,23385.0
2019-09-04,166.65625,166.9375,165.75,166.5625,0.03125,166.75,4635.0,20898.0
2019-09-05,166.53125,166.53125,164.03125,164.8125,2.0625,164.6875,12516.0,18364.0
2019-09-06,164.8125,165.4375,164.0,165.28125,0.625,165.3125,2176.0,10036.0
2019-09-09,165.21875,165.28125,163.15625,163.21875,1.53125,163.78125,1576.0,9598.0
2019-09-10,163.3125,163.8125,161.375,161.59375,1.53125,162.25,2000.0,9049.0
2019-09-11,161.8125,162.09375,161.1875,161.46875,0.53125,161.71875,699.0,8118.0
2019-09-12,161.46875,163.0625,160.40625,160.90625,1.125,160.59375,1512.0,8134.0
2019-09-13,160.78125,160.96875,158.3125,158.4375,2.21875,158.375,972.0,7623.0
2019-09-16,158.84375,160.21875,158.71875,159.5,1.34375,159.71875,983.0,7569.0
2019-09-17,159.78125,160.65625,159.375,160.34375,0.4375,160.15625,720.0,6909.0
2019-09-18,160.9375,161.4375,160.09375,160.6875,0.6875,160.84375,1292.0,6686.0
2019-09-19,160.6875,161.59375,160.21875,161.21875,0.375,161.21875,99.0,4566.0
2019-09-20,160.28125,161.625,160.09375,161.5,0.375,160.875,244263.0,980165.0
2019-09-23,161.1875,162.5,160.5,161.25,0.78125,161.65625,325416.0,980618.0
2019-09-24,161.34375,163.25,161.1875,162.84375,1.46875,163.125,301455.0,971971.0
2019-09-25,162.78125,163.3125,161.125,161.125,1.875,161.25,355060.0,976293.0
2019-09-26,161.1875,162.46875,161.15625,162.0625,1.0625,162.3125,276796.0,975563.0
2019-09-27,162.0625,162.40625,161.46875,162.21875,0.03125,162.34375,255193.0,976648.0
2019-09-30,162.09375,162.5625,161.53125,162.5,0.03125,162.3125,280772.0,969941.0
2019-10-01,162.5,163.34375,160.59375,162.8125,0.375,162.6875,469659.0,971388.0
2019-10-02,162.84375,163.625,162.125,163.28125,0.625,163.3125,344604.0,968479.0
2019-10-03,163.25,164.96875,163.21875,164.4375,1.09375,164.40625,369865.0,963975.0
2019-10-04,164.375,165.15625,164.15625,164.71875,0.59375,165.0,316258.0,967484.0
2019-10-07,,165.21875,164.09375,164.28125,0.59375,164.40625,215074.0,966900.0
2019-10-08,164.28125,165.21875,163.5625,164.6875,0.15625,164.5625,325966.0,966989.0
2019-10-09,164.6875,164.75,163.4375,163.59375,1.0,163.5625,246054.0,967434.0
2019-10-10,163.65625,164.34375,161.90625,162.03125,1.3125,162.25,365438.0,968307.0
2019-10-11,162.0625,162.59375,160.0625,160.6875,1.8125,160.4375,465771.0,976179.0
2019-10-14,160.75,161.75,160.46875,161.1875,0.6875,161.125,84863.0,983959.0
2019-10-15,161.25,161.71875,159.71875,159.84375,1.1875,159.9375,265297.0,982559.0
2019-10-16,159.96875,160.8125,159.78125,160.40625,0.34375,160.28125,259961.0,973672.0
2019-10-17,160.40625,160.71875,159.3125,160.25,0.09375,160.1875,232107.0,975158.0
2019-10-18,160.3125,160.6875,159.71875,160.125,0.03125,160.21875,189107.0,972661.0
2019-10-21,160.375,160.46875,159.15625,159.25,0.78125,159.4375,172836.0,986430.0
2019-10-22,159.28125,160.125,159.0625,160.03125,0.625,160.0625,219061.0,993495.0
2019-10-23,160.125,160.6875,159.9375,160.0625,0.03125,160.09375,210827.0,995916.0
2019-10-24,160.09375,160.625,159.625,159.9375,0.125,159.96875,253526.0,995010.0
2019-10-25,160.0,160.34375,159.15625,159.5,0.59375,159.375,251405.0,1001634.0
2019-10-28,159.46875,159.5,158.15625,158.53125,1.09375,158.28125,229565.0,1005967.0
2019-10-29,158.46875,158.9375,158.1875,158.53125,0.40625,158.6875,215937.0,1003888.0
2019-10-30,158.59375,160.03125,158.375,159.96875,0.90625,159.59375,293057.0,1014136.0
2019-10-31,159.96875,161.65625,159.65625,161.3125,1.78125,161.375,435801.0,1009467.0
2019-11-01,161.21875,161.6875,160.3125,161.0,0.75,160.625,302154.0,1000090.0
2019-11-04,160.625,160.8125,159.28125,159.65625,1.15625,159.46875,240561.0,999902.0
2019-11-05,159.625,159.625,157.78125,158.03125,1.59375,157.875,321332.0,991687.0
2019-11-06,157.96875,159.15625,157.96875,158.65625,1.09375,158.96875,301487.0,984267.0
2019-11-07,158.59375,159.0,155.8125,156.71875,2.3125,156.65625,505894.0,978545.0
2019-11-08,156.65625,157.21875,156.03125,156.1875,0.25,156.40625,327561.0,998325.0
2019-11-11,,156.875,156.125,156.65625,0.09375,156.5,62106.0,1007186.0
2019-11-12,156.53125,157.1875,156.0,156.34375,0.5,157.0,279216.0,1000163.0
2019-11-13,156.34375,157.8125,156.34375,157.3125,0.625,157.625,291302.0,1002091.0
2019-11-14,157.25,158.9375,157.21875,158.5625,1.03125,158.65625,296962.0,999396.0
2019-11-15,158.46875,158.65625,157.90625,158.40625,0.34375,158.3125,168922.0,988379.0
2019-11-18,158.34375,159.09375,157.875,158.65625,0.46875,158.78125,217786.0,979284.0
2019-11-19,158.65625,159.46875,158.46875,159.375,0.5625,159.34375,235167.0,965579.0
2019-11-20,159.375,160.53125,159.375,160.1875,0.96875,160.3125,353462.0,962976.0
